{
  "height": 15,
  "layers": [
    {
      "data": [12, 12, 12, 12, 12, 12, 12, 12, 12, 12, 12, 12, 12, 12, 12, 12, 12, 12, 12, 12, 12, 12, 12, 12, 12, 12, 12, 12, 12, 12, 12, 12, 12, 12, 12, 12, 12, 12, 12, 12, 12, 12, 12, 8, 8, 8, 42, 42, 23, 12, 12, 12, 24, 12, 12, 12, 12, 12, 12, 12, 12, 12, 12, 12, 12, 12, 4, 5, 12, 12, 12, 24, 24, 12, 12, 18, 18, 18, 21, 51, 51, 11, 11, 11, 32, 12, 12, 12, 22, 23, 12, 12, 12, 12, 12, 12, 12, 12, 14, 15, 22, 11, 11, 11, 11, 23, 12, 28, 28, 28, 33, 12, 12, 12, 12, 12, 12, 12, 12, 12, 8, 21, 23, 12, 22, 34, 35, 12, 12, 12, 22, 11, 32, 12, 12, 12, 12, 31, 42, 42, 42, 42, 43, 12, 12, 4, 5, 12, 4, 5, 12, 12, 18, 21, 21, 21, 43, 44, 45, 12, 12, 12, 33, 4, 5, 12, 71, 75, 73, 12, 41, 21, 21, 21, 21, 23, 12, 14, 15, 12, 14, 15, 12, 12, 28, 41, 21, 51, 51, 11, 32, 12, 12, 12, 33, 14, 15, 12, 81, 74, 83, 12, 31, 21, 8, 8, 8, 21, 11, 11, 11, 11, 11, 11, 11, 8, 21, 21, 43, 71, 75, 73, 12, 12, 12, 12, 31, 42, 23, 12, 81, 74, 83, 12, 24, 41, 18, 18, 18, 43, 12, 4, 5, 12, 4, 5, 12, 18, 21, 21, 43, 81, 74, 83, 12, 12, 12, 12, 12, 41, 21, 23, 91, 92, 93, 22, 42, 43, 28, 28, 28, 33, 12, 14, 15, 12, 14, 15, 12, 28, 41, 21, 32, 91, 92, 93, 12, 12, 12, 12, 22, 21, 21, 21, 11, 11, 11, 51, 51, 51, 11, 11, 11, 21, 11, 11, 11, 11, 11, 11, 11, 42, 21, 32, 12, 12, 12, 12, 12, 12, 12, 12, 21, 21, 21, 32, 12, 12, 12, 12, 12, 12, 12, 12, 12, 33, 84, 7, 6, 6, 7, 6, 85, 41, 43, 12, 12, 12, 12, 12, 12, 12, 12, 22, 21, 21, 43, 12, 12, 22, 24, 71, 72, 75, 72, 73, 12, 33, 94, 17, 16, 16, 17, 16, 95, 41, 43, 12, 12, 12, 12, 4, 5, 12, 12, 41, 21, 21, 21, 11, 11, 51, 32, 81, 74, 74, 74, 83, 12, 21, 11, 11, 11, 11, 11, 11, 11, 21, 21, 42, 42, 42, 23, 14, 15, 12, 12, 41, 8, 8, 8, 12, 12, 12, 12, 91, 92, 92, 92, 93, 12, 33, 12, 4, 5, 12, 4, 5, 12, 41, 51, 51, 51, 51, 51, 42, 23, 12, 12, 41, 18, 18, 18, 12, 4, 5, 12, 12, 12, 12, 12, 12, 12, 33, 12, 14, 15, 12, 14, 15, 12, 33, 84, 6, 7, 6, 85, 41, 43, 12, 12, 33, 28, 28, 28, 12, 14, 15, 12, 12, 12, 12, 12, 12, 22, 21, 42, 42, 42, 42, 42, 42, 42, 43, 94, 16, 17, 16, 95, 41, 43, 12, 12, 31, 11, 11, 11, 11, 11, 11, 11, 11, 11, 11, 11, 11, 51, 51, 51, 51, 51, 51, 51, 51, 51, 51, 11, 11, 11, 11, 11, 51, 32, 12, 12, 12, 12, 12, 12, 12, 12, 12, 12, 12, 12, 12, 12, 12, 12, 12, 12, 12, 12, 12, 12, 12, 12, 12, 12, 12, 12, 12, 12, 12, 12, 12],
      "height": 18,
      "name": "World1",
      "opacity": 1,
      "properties": {
        "time": "1000"
      },
      "type": "tilelayer",
      "visible": true,
      "width": 32,
      "x": 0,
      "y": 0
    }
  ],
  "orientation": "orthogonal",
  "properties": {
    "mapProp": "123"
  },
  "tileheight": 40,
  "tilesets": [
    {
      "firstgid": 1,
      "image": "map.png",
      "imageheight": 1280,
      "imagewidth": 720,
      "margin": 0,
      "name": "niveau1",
      "properties": {
      },
      "spacing": 0,
      "tileheight": 40,
      "tileproperties": {

        "4": {
          "hauteur": 0,
          "valeur": 1,
          "hide": false,
          "posable": false
        },
        "5": {
          "hauteur": 0,
          "valeur": 1,
          "hide": false,
          "posable": false
        },
        "6": {
          "hauteur": 0,
          "valeur": -0.6,
          "hide": false,
          "posable": false
        },
        "7": {
          "hauteur": 0,
          "valeur": -0.8,
          "hide": false,
          "posable": false
        },
        "8": {
          "hauteur": 0,
          "valeur": 0.4,
          "hide": true,
          "posable": true
        },
        "11": {
          "hauteur": 0,
          "valeur": 0.5,
          "hide": false,
          "posable": true
        },
        "12": {
          "hauteur": 0,
          "valeur": -0.4,
          "hide": false,
          "posable": false
        },
        "13": {
          "hauteur": 0,
          "valeur": 0,
          "hide": false,
          "posable": false
        },
        "14": {
          "hauteur": 0,
          "valeur": 1,
          "hide": false,
          "posable": false
        },
        "15": {
          "hauteur": 0,
          "valeur": 1,
          "hide": false,
          "posable": false
        },
        "16": {
          "hauteur": 0,
          "valeur": -0.6,
          "hide": false,
          "posable": false
        },
        "17": {
          "hauteur": 0,
          "valeur": -0.8,
          "hide": false,
          "posable": false
        },
        "18": {
          "hauteur": 0,
          "valeur": 0.4,
          "hide": true,
          "posable": true
        },
        "21": {
          "hauteur": 0,
          "valeur": 0.6,
          "hide": false,
          "posable": true
        },
        "22": {
          "hauteur": 0,
          "valeur": 0.6,
          "hide": false,
          "posable": true
        },
        "23": {
          "hauteur": 0,
          "valeur": 0.6,
          "hide": false,
          "posable": true
        },
        "24": {
          "hauteur": 0,
          "valeur": 1,
          "hide": false,
          "posable": false
        },
        "25": {
          "hauteur": 0,
          "valeur": 1,
          "hide": false,
          "posable": false
        },
        "26": {
          "hauteur": 0,
          "valeur": 0.8,
          "hide": false,
          "posable": true
        },
        "28": {
          "hauteur": 0,
          "valeur": 1,
          "hide": false,
          "posable": false
        },
        "31": {
          "hauteur": 0,
          "valeur": 0.6,
          "hide": false,
          "posable": true
        },
        "32": {
          "hauteur": 0,
          "valeur": 0.6,
          "hide": false,
          "posable": true
        },
        "33": {
          "hauteur": 0,
          "valeur": 0.6,
          "hide": false,
          "posable": true
        },
        "34": {
          "hauteur": 0,
          "valeur": 1,
          "hide": false,
          "posable": true
        },
        "35": {
          "hauteur": 0,
          "valeur": 1,
          "hide": false,
          "posable": true
        },
        "41": {
          "hauteur": 0,
          "valeur": 0.6,
          "hide": false,
          "posable": true
        },
        "42": {
          "hauteur": 0,
          "valeur": 0.6,
          "hide": false,
          "posable": true
        },
        "43": {
          "hauteur": 0,
          "valeur": 0.6,
          "hide": false,
          "posable": true
        },
        "44": {
          "hauteur": 0,
          "valeur": 1,
          "hide": false,
          "posable": true
        },
        "45": {
          "hauteur": 0,
          "valeur": 1,
          "hide": false,
          "posable": true
        },
        "51": {
          "hauteur": 0,
          "valeur": 0.6,
          "hide": false,
          "posable": true
        },
        "71": {
          "hauteur": 1,
          "valeur": 0.6,
          "hide": false,
          "posable": true
        },
        "72": {
          "hauteur": 1,
          "valeur": 0.6,
          "hide": false,
          "posable": true
        },
        "73": {
          "hauteur": 1,
          "valeur": 0.6,
          "hide": false,
          "posable": true
        },
        "74": {
          "hauteur": 1,
          "valeur": -0.5,
          "hide": false,
          "posable": false
        },
        "75": {
          "hauteur": 1,
          "valeur": -0.5,
          "hide": false,
          "posable": false
        },
        "81": {
          "hauteur": 1,
          "valeur": 0.6,
          "hide": false,
          "posable": true
        },
        "82": {
          "hauteur": 1,
          "valeur": 0.6,
          "hide": false,
          "posable": true
        },
        "83": {
          "hauteur": 1,
          "valeur": 0.6,
          "hide": false,
          "posable": true
        },
        "84": {
          "hauteur": 0,
          "valeur": -0.6,
          "hide": false,
          "posable": false
        },
        "85": {
          "hauteur": 0,
          "valeur": -0.6,
          "hide": false,
          "posable": false
        },
        "91": {
          "hauteur": 1,
          "valeur": 0.6,
          "hide": false,
          "posable": true
        },
        "92": {
          "hauteur": 1,
          "valeur": 0.6,
          "hide": false,
          "posable": true
        },
        "93": {
          "hauteur": 1,
          "valeur": 0.6,
          "hide": false,
          "posable": true
        },
        "94": {
          "hauteur": 1,
          "valeur": 0.6,
          "hide": false,
          "posable": true
        },
        "95": {
          "hauteur": 0,
          "valeur": -0.6,
          "hide": false,
          "posable": false
        }
      },
      "tilewidth": 40
    }
  ],
  "tilewidth": 40,
  "version": 1,
  "width": 32
}